{"facesState":"[{\"id\":0,\"x\":159.56788282506625,\"y\":346.5840284220037,\"angle\":0.21641171293732286,\"imageURL\":null}]"}